url,new_rank
http://esenciacosmetics.com,4.76971005164163
http://esenciacosmetics.com/contactanos,4.72386878454445
http://esenciacosmetics.com/content/1-envio-y-devoluciones,4.72386878454445
http://esenciacosmetics.com/mi-cuenta,4.72386878454444
http://esenciacosmetics.com/pedido-rapido,4.72386878454444
http://esenciacosmetics.com/3-esenciaspaises,4.78257774600644
http://esenciacosmetics.com/4-brasil-acai,4.75247059323561
http://esenciacosmetics.com/13-italia-lirio-blanco,4.75247059323561
http://esenciacosmetics.com/14-senegal-kigelia-africana,4.74641437947757
http://esenciacosmetics.com/15-oman-incienso,4.75796614412755
http://esenciacosmetics.com/16-mexico-tepezcohuite,4.75247059323561
http://esenciacosmetics.com/18-corea-ginseng,4.76297544245616
http://esenciacosmetics.com/19-tibet-goji,4.74641437947757
http://esenciacosmetics.com/20-malasia-centella-asiatica,4.75796614412755
http://esenciacosmetics.com/21-india-azafran,4.76297544245616
http://esenciacosmetics.com/23-cara,4.77565555776005
http://esenciacosmetics.com/30-cremas-naturales-de-dia,4.76297544245616
http://esenciacosmetics.com/31-cremas-naturales-de-noche,4.74641437947757
http://esenciacosmetics.com/24-cabello,4.77748554854313
http://esenciacosmetics.com/32-champus-naturales,4.76297544245616
http://esenciacosmetics.com/33-acondicionadores-naturales,4.76297544245616
http://esenciacosmetics.com/25-cuerpo,4.77748554854313
http://esenciacosmetics.com/34-cremas-de-manos-naturales,4.76756028912389
http://esenciacosmetics.com/35-cremas-corporales-naturales,4.77565555776005
http://esenciacosmetics.com/26-packs,4.74641437947757
http://esenciacosmetics.com/39-esenciapaises,4.73970709449291
http://esenciacosmetics.com/36-cabello,4.73970709449291
http://esenciacosmetics.com/37-piel,4.73223778837168
http://esenciacosmetics.com/38-cabello-y-piel,4.72386878454445
http://esenciacosmetics.com/content/4-sobre-nosotros,4.72386878454445
http://esenciacosmetics.com/esenciaspaises/49-los-contrastes-de-italia-y-senegal-kit-facial-antiedad-global.html,0.600488222016502
http://esenciacosmetics.com/carrito?add=1&id_product=49&token=d4e9c44e14ac9987c833632ae80561d0,0.595875373385181
http://esenciacosmetics.com/esenciaspaises/25-la-sabiduria-milenaria-de-corea-crema-de-manos-protectora-de-ginseng.html,0.480859666676685
http://esenciacosmetics.com/carrito?add=1&id_product=25&token=d4e9c44e14ac9987c833632ae80561d0,0.316637071295826
http://esenciacosmetics.com/esenciaspaises/17-la-elegancia-de-italia-crema-corporal-superhidratante-de-lirio-blanco.html,0.574171426684381
http://esenciacosmetics.com/carrito?add=1&id_product=17&token=d4e9c44e14ac9987c833632ae80561d0,0.412395747893496
http://esenciacosmetics.com/esenciaspaises/4-brasil-en-estado-puro-crema-facial-multivitaminas-acai.html,0.538909006237645
http://esenciacosmetics.com/carrito?add=1&id_product=4&token=d4e9c44e14ac9987c833632ae80561d0,0.513067402579897
http://esenciacosmetics.com/4-acai-brasil,0.101482100745119
http://esenciacosmetics.com/15-incienso-oman,0.101482100745119
http://esenciacosmetics.com/13-lirio-blanco-italia,0.101482100745119
http://esenciacosmetics.com/19-goji-tibet,0.101482100745119
http://esenciacosmetics.com/21-azafran-india,0.101482100745119
http://esenciacosmetics.com/18-ginseng-corea,0.101482100745119
http://esenciacosmetics.com/content/6-politica-de-privacidad-de-datos,0.101482100745119
http://esenciacosmetics.com/content/6-aviso-legal,4.72386878454444
http://esenciacosmetics.com/content/8-politica-de-cookies,4.72386878454444
http://esenciacosmetics.com/content/5-compra-segura,4.72386878454444
http://esenciacosmetics.com/mapa-web,4.74314851081766
http://esenciacosmetics.com/corea-ginseng/30-la-sabiduria-milenaria-de-corea-champu-natural-estimulador-de-crecimiento-de-ginseng.html,0.223647206702148
http://esenciacosmetics.com/carrito?add=1&id_product=30&token=d4e9c44e14ac9987c833632ae80561d0,0.218341044612632
http://esenciacosmetics.com/esenciaspaises/31-la-sabiduria-milenaria-de-corea-crema-acondicionadora-estimuladora-de-crecimiento-de-ginseng.html,0.384240423481925
http://esenciacosmetics.com/carrito?add=1&id_product=31&token=d4e9c44e14ac9987c833632ae80561d0,0.219776239129866
http://esenciacosmetics.com/esenciaspaises/11-la-sabiduria-milenaria-de-corea-crema-corporal-detox-ginseng.html,0.371861111790016
http://esenciacosmetics.com/carrito?add=1&id_product=11&token=d4e9c44e14ac9987c833632ae80561d0,0.207111557367475
http://esenciacosmetics.com/esenciaspaises/10-la-sabiduria-milenaria-de-corea-crema-facial-antiaging-ginseng.html,0.479789937227871
http://esenciacosmetics.com/carrito?add=1&id_product=10&token=d4e9c44e14ac9987c833632ae80561d0,0.315266267675372
http://esenciacosmetics.com/recuperacion-contraseña,1.0
http://esenciacosmetics.com/esenciaspaises/29-brasil-en-estado-puro-crema-acondicionadora-protectora-del-color-de-acai.html,0.57290140866446
http://esenciacosmetics.com/carrito?add=1&id_product=29&token=d4e9c44e14ac9987c833632ae80561d0,0.41077297431535
http://esenciacosmetics.com/esenciaspaises/33-el-aroma-de-oman-crema-acondicionadora-antiencrespamiento-de-incienso.html,0.578010764880758
http://esenciacosmetics.com/carrito?add=1&id_product=33&token=d4e9c44e14ac9987c833632ae80561d0,0.405254876525865
http://esenciacosmetics.com/esenciaspaises/37-la-elegancia-de-italia-crema-acondicionadora-antioxidante-de-lirio-blanco.html,0.487997500219301
http://esenciacosmetics.com/carrito?add=1&id_product=37&token=d4e9c44e14ac9987c833632ae80561d0,0.324072231351793
http://esenciacosmetics.com/esenciaspaises/39-la-esencia-de-malasia-crema-acondicionadora-anticaida-de-centella-asiatica.html,0.476370560458902
http://esenciacosmetics.com/carrito?add=1&id_product=39&token=d4e9c44e14ac9987c833632ae80561d0,0.318080648713823
http://esenciacosmetics.com/esenciaspaises/35-la-flor-mas-cotizada-de-la-india-crema-acondicionadora-revitalizante-de-azafran.html,0.382338971586405
http://esenciacosmetics.com/carrito?add=1&id_product=35&token=d4e9c44e14ac9987c833632ae80561d0,0.220254708029388
http://esenciacosmetics.com/esenciaspaises/46-la-elegancia-de-italia-pack-capilar-superdetox-de-lirio-blanco.html,0.607921906814754
http://esenciacosmetics.com/carrito?add=1&id_product=46&token=d4e9c44e14ac9987c833632ae80561d0,0.603603410118052
http://esenciacosmetics.com/esenciaspaises/45-la-flor-mas-cotizada-de-la-india-pack-capilar-fuerza-y-vitalidad-de-azafran.html,0.506468645658252
http://esenciacosmetics.com/carrito?add=1&id_product=45&token=d4e9c44e14ac9987c833632ae80561d0,0.499785886795647
http://esenciacosmetics.com/esenciaspaises/3-descubre-la-cultura-maya-crema-facial-regeneradora-tepezcohuite.html,0.456584575714934
http://esenciacosmetics.com/carrito?add=1&id_product=3&token=d4e9c44e14ac9987c833632ae80561d0,0.411661352468609
http://esenciacosmetics.com/esenciaspaises/6-el-aroma-de-oman-crema-facial-purificante-incienso.html,0.492335001489474
http://esenciacosmetics.com/carrito?add=1&id_product=6&token=d4e9c44e14ac9987c833632ae80561d0,0.319460074562078
http://esenciacosmetics.com/esenciaspaises/5-el-tibet-y-el-secreto-de-la-longevidad-crema-facial-super-detox-goji.html,0.490029063054342
http://esenciacosmetics.com/carrito?add=1&id_product=5&token=d4e9c44e14ac9987c833632ae80561d0,0.331059187696907
http://esenciacosmetics.com/esenciaspaises/1-la-fuerza-de-senegal-crema-facial-efecto-lifting-kigelia-.html,0.34424347828073
http://esenciacosmetics.com/carrito?add=1&id_product=1&token=d4e9c44e14ac9987c833632ae80561d0,0.330538354363574
http://esenciacosmetics.com/esenciaspaises/2-la-elegancia-de-italia-crema-facial-superhidratante-de-lirio-blanco.html,0.383092868560744
http://esenciacosmetics.com/carrito?add=1&id_product=2&token=d4e9c44e14ac9987c833632ae80561d0,0.341539235330146
http://esenciacosmetics.com/esenciaspaises/32-el-aroma-de-oman-champu-natural-antiencrespamiento-de-incienso.html,0.578010764880758
http://esenciacosmetics.com/carrito?add=1&id_product=32&token=d4e9c44e14ac9987c833632ae80561d0,0.405254876525865
http://esenciacosmetics.com/oman-incienso/14-el-aroma-de-oman-crema-corporal-antiestrias-de-incienso.html,0.472665535076462
http://esenciacosmetics.com/carrito?add=1&id_product=14&token=d4e9c44e14ac9987c833632ae80561d0,0.305447404811817
http://esenciacosmetics.com/esenciaspaises/27-el-aroma-de-oman-crema-de-manos-antiedad-de-incienso.html,0.486145401563573
http://esenciacosmetics.com/carrito?add=1&id_product=27&token=d4e9c44e14ac9987c833632ae80561d0,0.313490817995049
http://esenciacosmetics.com/carrito?qty=1&id_product=3&token=d4e9c44e14ac9987c833632ae80561d0&add,0.0449232232463247
http://esenciacosmetics.com/carrito?qty=1&id_product=4&token=d4e9c44e14ac9987c833632ae80561d0&add,0.0237654788167534
http://esenciacosmetics.com/carrito?qty=1&id_product=5&token=d4e9c44e14ac9987c833632ae80561d0&add,0.0193229185071186
http://esenciacosmetics.com/carrito?qty=1&id_product=5&token=d4e9c44e14ac9987c833632ae80561d0&add=,0.154641110121735
http://esenciacosmetics.com/esenciaspaises/8-la-flor-mas-cotizada-de-la-india-crema-facial-primeras-arrugas-azafran.html,0.493852021988065
http://esenciacosmetics.com/carrito?qty=1&id_product=8&token=d4e9c44e14ac9987c833632ae80561d0&add=,0.162363332737052
http://esenciacosmetics.com/esenciaspaises/9-la-esencia-de-malasia-crema-facial-antioxidante-centella-asiatica.html,0.498741658139672
http://esenciacosmetics.com/carrito?qty=1&id_product=9&token=d4e9c44e14ac9987c833632ae80561d0&add=,0.162696569110781
http://esenciacosmetics.com/carrito?qty=1&id_product=10&token=d4e9c44e14ac9987c833632ae80561d0&add=,0.164523669552499
http://esenciacosmetics.com/carrito?qty=1&id_product=11&token=d4e9c44e14ac9987c833632ae80561d0&add=,0.164749554422541
http://esenciacosmetics.com/esenciaspaises/12-brasil-en-estado-puro-crema-corporal-cicatrizante-acai.html,0.560126853982691
http://esenciacosmetics.com/carrito?qty=1&id_product=12&token=d4e9c44e14ac9987c833632ae80561d0&add=,0.16198213951831
http://esenciacosmetics.com/esenciaspaises/13-el-tibet-y-el-secreto-de-la-longevidad-crema-corporal-regeneradora-goji.html,0.479002686635924
http://esenciacosmetics.com/carrito?qty=1&id_product=13&token=d4e9c44e14ac9987c833632ae80561d0&add=,0.161956168689278
http://esenciacosmetics.com/carrito?qty=1&id_product=14&token=d4e9c44e14ac9987c833632ae80561d0&add=,0.167218130264645
http://esenciacosmetics.com/esenciaspaises/15-la-flor-mas-cotizada-de-la-india-crema-corporal-hidronutritiva-de-azafran.html,0.369085052878688
http://esenciacosmetics.com/carrito?qty=1&id_product=15&token=d4e9c44e14ac9987c833632ae80561d0&add=,0.162025350964138
http://esenciacosmetics.com/esenciaspaises/16-la-esencia-de-malasia-crema-corporal-anticelulitica-de-centella-asiatica.html,0.478280364512063
http://esenciacosmetics.com/carrito?qty=1&id_product=16&token=d4e9c44e14ac9987c833632ae80561d0&add=,0.162475588110426
http://esenciacosmetics.com/carrito?qty=1&id_product=17&token=d4e9c44e14ac9987c833632ae80561d0&add=,0.161775678790886
http://esenciacosmetics.com/esenciaspaises/18-descubre-la-cultura-maya-crema-corporal-regeneradora-de-tepezcohuite.html,0.570604874181392
http://esenciacosmetics.com/carrito?qty=1&id_product=18&token=d4e9c44e14ac9987c833632ae80561d0&add=,0.162125335024739
http://esenciacosmetics.com/esenciaspaises/19-la-fuerza-de-senegal-crema-corporal-tonificante-de-kigelia.html,0.385388114402462
http://esenciacosmetics.com/carrito?qty=1&id_product=19&token=d4e9c44e14ac9987c833632ae80561d0&add=,0.162220248060053
http://esenciacosmetics.com/esenciaspaises/20-la-flor-mas-cotizada-de-la-india-crema-de-manos-antimanchas-de-azafran.html,0.377563057843207
http://esenciacosmetics.com/carrito?qty=1&id_product=20&token=d4e9c44e14ac9987c833632ae80561d0&add=,0.1624080872925
http://esenciacosmetics.com/esenciaspaises/21-la-esencia-de-malasia-crema-de-manos-reparadora-de-centella-asiatica.html,0.382040895391593
http://esenciacosmetics.com/carrito?qty=1&id_product=21&token=d4e9c44e14ac9987c833632ae80561d0&add=,0.162329525063007
http://esenciacosmetics.com/esenciaspaises/22-la-fuerza-de-senegal-crema-de-manos-reafirmante-de-kigelia.html,0.393517247749296
http://esenciacosmetics.com/carrito?qty=1&id_product=22&token=d4e9c44e14ac9987c833632ae80561d0&add=,0.16225411277073
http://esenciacosmetics.com/esenciaspaises/23-descubre-la-cultura-maya-crema-de-manos-regeneradora-de-tepezcohuite.html,0.567976243891691
http://esenciacosmetics.com/carrito?qty=1&id_product=23&token=d4e9c44e14ac9987c833632ae80561d0&add=,0.16228414799011
http://esenciacosmetics.com/carrito?qty=1&id_product=25&token=d4e9c44e14ac9987c833632ae80561d0&add=,0.164222595380859
http://esenciacosmetics.com/esenciaspaises/26-el-tibet-y-el-secreto-de-la-longevidad-crema-de-manos-hidronutritiva-de-goji.html,0.487441004529606
http://esenciacosmetics.com/carrito?qty=1&id_product=26&token=d4e9c44e14ac9987c833632ae80561d0&add=,0.161778991019864
http://esenciacosmetics.com/carrito?qty=1&id_product=27&token=d4e9c44e14ac9987c833632ae80561d0&add=,0.172654583568523
http://esenciacosmetics.com/esenciaspaises/28-brasil-en-estado-puro-champu-natural-protector-del-color-de-acai.html,0.574698243182858
http://esenciacosmetics.com/carrito?qty=1&id_product=28&token=d4e9c44e14ac9987c833632ae80561d0&add=,0.161924194545005
http://esenciacosmetics.com/carrito?qty=1&id_product=29&token=d4e9c44e14ac9987c833632ae80561d0&add=,0.162128434349111
http://esenciacosmetics.com/carrito?qty=1&id_product=31&token=d4e9c44e14ac9987c833632ae80561d0&add=,0.164464184352059
http://esenciacosmetics.com/carrito?qty=1&id_product=32&token=d4e9c44e14ac9987c833632ae80561d0&add=,0.172755888354893
http://esenciacosmetics.com/carrito?qty=1&id_product=33&token=d4e9c44e14ac9987c833632ae80561d0&add=,0.172755888354893
http://esenciacosmetics.com/esenciaspaises/34-la-flor-mas-cotizada-de-la-india-champu-natural-revitalizante-de-azafran.html,0.382338971586405
http://esenciacosmetics.com/carrito?qty=1&id_product=34&token=d4e9c44e14ac9987c833632ae80561d0&add=,0.162084263557018
http://esenciacosmetics.com/carrito?qty=1&id_product=35&token=d4e9c44e14ac9987c833632ae80561d0&add=,0.162084263557018
http://esenciacosmetics.com/carrito?qty=1&id_product=37&token=d4e9c44e14ac9987c833632ae80561d0&add=,0.161924194545005
http://esenciacosmetics.com/esenciaspaises/38-la-esencia-de-malasia-champu-natural-anticaida-de-centella-asiatica.html,0.480466237225392
http://esenciacosmetics.com/carrito?qty=1&id_product=38&token=d4e9c44e14ac9987c833632ae80561d0&add=,0.162385588511569
http://esenciacosmetics.com/carrito?qty=1&id_product=39&token=d4e9c44e14ac9987c833632ae80561d0&add=,0.156216874705339
http://esenciacosmetics.com/carrito?add=1&id_product=34&token=d4e9c44e14ac9987c833632ae80561d0,0.220254708029388
http://esenciacosmetics.com/carrito?add=1&id_product=15&token=d4e9c44e14ac9987c833632ae80561d0,0.20705970191455
http://esenciacosmetics.com/carrito?add=1&id_product=20&token=d4e9c44e14ac9987c833632ae80561d0,0.215154970550707
http://esenciacosmetics.com/carrito?add=1&id_product=8&token=d4e9c44e14ac9987c833632ae80561d0,0.331488689251013
http://esenciacosmetics.com/carrito?qty=1&id_product=6&token=d4e9c44e14ac9987c833632ae80561d0&add=,0.172874926927396
http://esenciacosmetics.com/carrito?qty=1&id_product=20&token=d4e9c44e14ac9987c833632ae80561d0&add,0.0264047483475032
http://esenciacosmetics.com/carrito?qty=1&id_product=16&token=d4e9c44e14ac9987c833632ae80561d0&add,0.0396595099491824
http://esenciacosmetics.com/carrito?qty=1&id_product=11&token=d4e9c44e14ac9987c833632ae80561d0&add,0.0286175639231265
http://esenciacosmetics.com/carrito?qty=1&id_product=9&token=d4e9c44e14ac9987c833632ae80561d0&add,0.0364121877131367
http://esenciacosmetics.com/carrito?qty=1&id_product=8&token=d4e9c44e14ac9987c833632ae80561d0&add,0.00911581670538699
http://esenciacosmetics.com/carrito?qty=1&id_product=2&token=d4e9c44e14ac9987c833632ae80561d0&add,0.0400959420547065
http://esenciacosmetics.com/carrito?qty=1&id_product=6&token=d4e9c44e14ac9987c833632ae80561d0&add,0.0270559134580587
http://esenciacosmetics.com/carrito?qty=1&id_product=35&token=d4e9c44e14ac9987c833632ae80561d0&add,0.00513386670762672
http://esenciacosmetics.com/carrito?qty=1&id_product=10&token=d4e9c44e14ac9987c833632ae80561d0&add,0.0116410560661245
http://esenciacosmetics.com/carrito?qty=1&id_product=1&token=d4e9c44e14ac9987c833632ae80561d0&add,0.011282183838222
http://esenciacosmetics.com/carrito?add=1&id_product=19&token=d4e9c44e14ac9987c833632ae80561d0,0.223167866342409
http://esenciacosmetics.com/carrito?add=1&id_product=22&token=d4e9c44e14ac9987c833632ae80561d0,0.231263134978566
http://esenciacosmetics.com/carrito?qty=1&id_product=38&token=d4e9c44e14ac9987c833632ae80561d0&add,0.00462212640821413
http://esenciacosmetics.com/3-esenciaspaises?p=2,0.0932586313349591
http://esenciacosmetics.com/3-esenciaspaises?p=3,0.0932586313349591
http://esenciacosmetics.com/3-esenciaspaises?p=4,0.0932586313349591
http://esenciacosmetics.com/3-esenciaspaises?p=5,0.0929199899320162
http://esenciacosmetics.com/carrito?add=1&id_product=28&token=d4e9c44e14ac9987c833632ae80561d0,0.41077297431535
http://esenciacosmetics.com/carrito?add=1&id_product=12&token=d4e9c44e14ac9987c833632ae80561d0,0.39814471446438
http://esenciacosmetics.com/carrito?add=1&id_product=18&token=d4e9c44e14ac9987c833632ae80561d0,0.397596827265424
http://esenciacosmetics.com/carrito?add=1&id_product=23&token=d4e9c44e14ac9987c833632ae80561d0,0.405692095901581
http://esenciacosmetics.com/lirio-blanco-italia/36-la-elegancia-de-italia-champu-natural-detox-de-lirio-blanco.html,0.214007317376669
http://esenciacosmetics.com/carrito?add=1&id_product=36&token=d4e9c44e14ac9987c833632ae80561d0,0.20341944593739
http://esenciacosmetics.com/carrito?add=1&id_product=38&token=d4e9c44e14ac9987c833632ae80561d0,0.318080648713823
http://esenciacosmetics.com/carrito?qty=1&id_product=21&token=d4e9c44e14ac9987c833632ae80561d0&add,0.0105117685546315
http://esenciacosmetics.com/carrito?qty=1&id_product=29&token=d4e9c44e14ac9987c833632ae80561d0&add,0.00508969591553372
http://esenciacosmetics.com/carrito?qty=1&id_product=26&token=d4e9c44e14ac9987c833632ae80561d0&add,0.00493398227453418
http://esenciacosmetics.com/carrito?add=1&id_product=13&token=d4e9c44e14ac9987c833632ae80561d0,0.317046517946647
http://esenciacosmetics.com/carrito?add=1&id_product=26&token=d4e9c44e14ac9987c833632ae80561d0,0.325662013509741
http://esenciacosmetics.com/carrito?add=1&id_product=16&token=d4e9c44e14ac9987c833632ae80561d0,0.304922064510407
http://esenciacosmetics.com/carrito?add=1&id_product=21&token=d4e9c44e14ac9987c833632ae80561d0,0.219711370328585
http://esenciacosmetics.com/carrito?add=1&id_product=9&token=d4e9c44e14ac9987c833632ae80561d0,0.336045089028892
http://esenciacosmetics.com/carrito?qty=1&id_product=33&token=d4e9c44e14ac9987c833632ae80561d0&add,0.00534495380098125
http://esenciacosmetics.com/25-cuerpo?p=2,0.0937066038436202
http://esenciacosmetics.com/carrito?qty=1&id_product=34&token=d4e9c44e14ac9987c833632ae80561d0&add,0.00513386670762672
http://esenciacosmetics.com/carrito?qty=1&id_product=15&token=d4e9c44e14ac9987c833632ae80561d0&add,0.00720690374736673
http://esenciacosmetics.com/carrito?qty=1&id_product=32&token=d4e9c44e14ac9987c833632ae80561d0&add,0.00534495380098125
http://esenciacosmetics.com/nuevos-productos,0.131148486812971
http://esenciacosmetics.com/mas-vendido,0.128043641569088
http://esenciacosmetics.com/bajamos-precios,0.128043641569088
http://esenciacosmetics.com/inicio-sesion,0.128043641569088
http://esenciacosmetics.com/content/category/1-inicio,0.128043641569088
http://esenciacosmetics.com/carrito?qty=1&id_product=18&token=d4e9c44e14ac9987c833632ae80561d0&add,0.0178707137024103
http://esenciacosmetics.com/carrito?qty=1&id_product=31&token=d4e9c44e14ac9987c833632ae80561d0&add,0.00255221617693106
http://esenciacosmetics.com/carrito?qty=1&id_product=49&token=d4e9c44e14ac9987c833632ae80561d0&add=,0.00255221617693106
http://esenciacosmetics.com/carrito?qty=1&id_product=25&token=d4e9c44e14ac9987c833632ae80561d0&add,0.0150048102632983
http://esenciacosmetics.com/carrito?qty=1&id_product=14&token=d4e9c44e14ac9987c833632ae80561d0&add,0.00983533739412438
http://esenciacosmetics.com/24-cabello?p=2,0.0937066038436202
http://esenciacosmetics.com/carrito?qty=1&id_product=39&token=d4e9c44e14ac9987c833632ae80561d0&add,0.00483254175307522
http://esenciacosmetics.com/nuevos-productos?p=2,0.00358331414340416
http://esenciacosmetics.com/nuevos-productos?p=3,0.00358331414340416
http://esenciacosmetics.com/nuevos-productos?p=4,0.00353145869047919
http://esenciacosmetics.com/carrito?qty=1&id_product=17&token=d4e9c44e14ac9987c833632ae80561d0&add,0.00206063245438994
http://esenciacosmetics.com/carrito?qty=1&id_product=37&token=d4e9c44e14ac9987c833632ae80561d0&add,0.0020010743225028
http://esenciacosmetics.com/carrito?qty=1&id_product=28&token=d4e9c44e14ac9987c833632ae80561d0&add,0.00729501004214205
http://esenciacosmetics.com/carrito?qty=1&id_product=23&token=d4e9c44e14ac9987c833632ae80561d0&add,0.00543913924478018
http://esenciacosmetics.com/carrito?qty=1&id_product=30&token=d4e9c44e14ac9987c833632ae80561d0&add,0.00530616208951648
http://esenciacosmetics.com/carrito?qty=1&id_product=36&token=d4e9c44e14ac9987c833632ae80561d0&add,0.0105878714392784
http://esenciacosmetics.com/carrito?qty=1&id_product=12&token=d4e9c44e14ac9987c833632ae80561d0&add,0.00529393571963911
http://esenciacosmetics.com/carrito?qty=1&id_product=22&token=d4e9c44e14ac9987c833632ae80561d0&add,0.00488860520163716
